Short_Title,Topics within,Author,Institution,Dataset_Folder_Location,Subject_name,Area,Region,Location,Start_Year,End_Year,Temporal_Resolution,Spatial_Resolution,Dataset_Title,Compilation_Title,Publication_Year,Reference,Available_Metadata,Metadata_name,Link,User_Contact,Institution_Type,Notes,,,,,,
SAU database,Landings; economics; diconstructed,Zeller et al,UBC,Data/International,Multiple species,Peru,National,National,2014,2014,Years,Country level,SAU_database,International Databases,2016,"Zeller, D., Palomares, M. L. D., Tavakolie, A., Ang, M., Belhabib, D., Cheung, W. W. L., et al. (2016). Still catching attention: Sea Around Us reconstructed global catch data, their spatial expression and public accessibility. Marine Policy, 70, 145Ð152. http://doi.org/10.1016/J.MARPOL.2016.04.046",,,http://www.seaaroundus.org/data/#/eez/604?chart=catch-chart&dimension=taxon&measure=tonnage&limit=10,,International_ACA,,,,,,,
SAU database,Landings; economics; diconstructed,Zeller et al,UBC,Data/International,Multiple species,Chile,National,National,2014,2014,Years,Country level,SAU_database,International Databases,2016,"Zeller, D., Palomares, M. L. D., Tavakolie, A., Ang, M., Belhabib, D., Cheung, W. W. L., et al. (2016). Still catching attention: Sea Around Us reconstructed global catch data, their spatial expression and public accessibility. Marine Policy, 70, 145Ð152. http://doi.org/10.1016/J.MARPOL.2016.04.046",,,http://www.seaaroundus.org/data/#/eez/152?chart=catch-chart&dimension=taxon&measure=tonnage&limit=10,,International_ACA,,,,,,,
SAU database,Landings; economics; diconstructed,Zeller et al,UBC,Data/International,Multiple species,Brazil,National,National,2014,2014,Years,Country level,SAU_database,International Databases,2016,"Zeller, D., Palomares, M. L. D., Tavakolie, A., Ang, M., Belhabib, D., Cheung, W. W. L., et al. (2016). Still catching attention: Sea Around Us reconstructed global catch data, their spatial expression and public accessibility. Marine Policy, 70, 145Ð152. http://doi.org/10.1016/J.MARPOL.2016.04.046",,,http://www.seaaroundus.org/data/#/eez/76?chart=catch-chart&dimension=taxon&measure=tonnage&limit=10,,International_ACA,,,,,,,
,,,,,,,,,,,,,,,,,,,,,,,,,,,,
,,,,,,,,,,,,,,,,,,,,,,,,,,,,
,,,,,,,,,,,,,,,,,,,,,,,,,,,,
,,,,,,,,,,,,,,,,,,,,,,,,,,,,
,,,,,,,,,,,,,,,,,,,,,,,,,,,,
,,,,,,,,,,,,,,,,,,,,,,,,,,,,
,,,,,,,,,,,,,,,,,,,,,,,,,,,,
,,,,,,,,,,,,,,,,,,,,,,,,,,,,
,,,,,,,,,,,,,,,,,,,,,,,,,,,,
,,,,,,,,,,,,,,,,,,,,,,,,,,,,
,,,,,,,,,,,,,,,,,,,,,,,,,,,,
,,,,,,,,,,,,,,,,,,,,,,,,,,,,
,,,,,,,,,,,,,,,,,,,,,,,,,,,,
,,,,,,,,,,,,,,,,,,,,,,,,,,,,
,,,,,,,,,,,,,,,,,,,,,,,,,,,,
,,,,,,,,,,,,,,,,,,,,,,,,,,,,
,,,,,,,,,,,,,,,,,,,,,,,,,,,,
,,,,,,,,,,,,,,,,,,,,,,,,,,,,
,,,,,,,,,,,,,,,,,,,,,,,,,,,,
,,,,,,,,,,,,,,,,,,,,,,,,,,,,
,,,,,,,,,,,,,,,,,,,,,,,,,,,,
,,,,,,,,,,,,,,,,,,,,,,,,,,,,
,,,,,,,,,,,,,,,,,,,,,,,,,,,,
,,,,,,,,,,,,,,,,,,,,,,,,,,,,
,,,,,,,,,,,,,,,,,,,,,,,,,,,,
,,,,,,,,,,,,,,,,,,,,,,,,,,,,
,,,,,,,,,,,,,,,,,,,,,,,,,,,,
,,,,,,,,,,,,,,,,,,,,,,,,,,,,
,,,,,,,,,,,,,,,,,,,,,,,,,,,,
,,,,,,,,,,,,,,,,,,,,,,,,,,,,
,,,,,,,,,,,,,,,,,,,,,,,,,,,,
,,,,,,,,,,,,,,,,,,,,,,,,,,,,
,,,,,,,,,,,,,,,,,,,,,,,,,,,,
,,,,,,,,,,,,,,,,,,,,,,,,,,,,
,,,,,,,,,,,,,,,,,,,,,,,,,,,,
,,,,,,,,,,,,,,,,,,,,,,,,,,,,
,,,,,,,,,,,,,,,,,,,,,,,,,,,,
,,,,,,,,,,,,,,,,,,,,,,,,,,,,
,,,,,,,,,,,,,,,,,,,,,,,,,,,,
,,,,,,,,,,,,,,,,,,,,,,,,,,,,
,,,,,,,,,,,,,,,,,,,,,,,,,,,,
,,,,,,,,,,,,,,,,,,,,,,,,,,,,
,,,,,,,,,,,,,,,,,,,,,,,,,,,,
,,,,,,,,,,,,,,,,,,,,,,,,,,,,
,,,,,,,,,,,,,,,,,,,,,,,,,,,,
,,,,,,,,,,,,,,,,,,,,,,,,,,,,
,,,,,,,,,,,,,,,,,,,,,,,,,,,,
,,,,,,,,,,,,,,,,,,,,,,,,,,,,
,,,,,,,,,,,,,,,,,,,,,,,,,,,,
,,,,,,,,,,,,,,,,,,,,,,,,,,,,
,,,,,,,,,,,,,,,,,,,,,,,,,,,,
,,,,,,,,,,,,,,,,,,,,,,,,,,,,
,,,,,,,,,,,,,,,,,,,,,,,,,,,,
,,,,,,,,,,,,,,,,,,,,,,,,,,,,
,,,,,,,,,,,,,,,,,,,,,,,,,,,,
,,,,,,,,,,,,,,,,,,,,,,,,,,,,
,,,,,,,,,,,,,,,,,,,,,,,,,,,,
,,,,,,,,,,,,,,,,,,,,,,,,,,,,
,,,,,,,,,,,,,,,,,,,,,,,,,,,,
,,,,,,,,,,,,,,,,,,,,,,,,,,,,
,,,,,,,,,,,,,,,,,,,,,,,,,,,,
,,,,,,,,,,,,,,,,,,,,,,,,,,,,
,,,,,,,,,,,,,,,,,,,,,,,,,,,,
,,,,,,,,,,,,,,,,,,,,,,,,,,,,
,,,,,,,,,,,,,,,,,,,,,,,,,,,,
,,,,,,,,,,,,,,,,,,,,,,,,,,,,
,,,,,,,,,,,,,,,,,,,,,,,,,,,,
,,,,,,,,,,,,,,,,,,,,,,,,,,,,
,,,,,,,,,,,,,,,,,,,,,,,,,,,,
,,,,,,,,,,,,,,,,,,,,,,,,,,,,
,,,,,,,,,,,,,,,,,,,,,,,,,,,,
,,,,,,,,,,,,,,,,,,,,,,,,,,,,
,,,,,,,,,,,,,,,,,,,,,,,,,,,,
,,,,,,,,,,,,,,,,,,,,,,,,,,,,
,,,,,,,,,,,,,,,,,,,,,,,,,,,,
,,,,,,,,,,,,,,,,,,,,,,,,,,,,
,,,,,,,,,,,,,,,,,,,,,,,,,,,,
,,,,,,,,,,,,,,,,,,,,,,,,,,,,
,,,,,,,,,,,,,,,,,,,,,,,,,,,,
,,,,,,,,,,,,,,,,,,,,,,,,,,,,
,,,,,,,,,,,,,,,,,,,,,,,,,,,,
,,,,,,,,,,,,,,,,,,,,,,,,,,,,
,,,,,,,,,,,,,,,,,,,,,,,,,,,,
,,,,,,,,,,,,,,,,,,,,,,,,,,,,
,,,,,,,,,,,,,,,,,,,,,,,,,,,,
,,,,,,,,,,,,,,,,,,,,,,,,,,,,
,,,,,,,,,,,,,,,,,,,,,,,,,,,,
,,,,,,,,,,,,,,,,,,,,,,,,,,,,
,,,,,,,,,,,,,,,,,,,,,,,,,,,,
,,,,,,,,,,,,,,,,,,,,,,,,,,,,
,,,,,,,,,,,,,,,,,,,,,,,,,,,,
,,,,,,,,,,,,,,,,,,,,,,,,,,,,
,,,,,,,,,,,,,,,,,,,,,,,,,,,,
,,,,,,,,,,,,,,,,,,,,,,,,,,,,
,,,,,,,,,,,,,,,,,,,,,,,,,,,,
,,,,,,,,,,,,,,,,,,,,,,,,,,,,
,,,,,,,,,,,,,,,,,,,,,,,,,,,,
,,,,,,,,,,,,,,,,,,,,,,,,,,,,
,,,,,,,,,,,,,,,,,,,,,,,,,,,,
,,,,,,,,,,,,,,,,,,,,,,,,,,,,
,,,,,,,,,,,,,,,,,,,,,,,,,,,,
,,,,,,,,,,,,,,,,,,,,,,,,,,,,
,,,,,,,,,,,,,,,,,,,,,,,,,,,,
,,,,,,,,,,,,,,,,,,,,,,,,,,,,
,,,,,,,,,,,,,,,,,,,,,,,,,,,,
,,,,,,,,,,,,,,,,,,,,,,,,,,,,
,,,,,,,,,,,,,,,,,,,,,,,,,,,,
,,,,,,,,,,,,,,,,,,,,,,,,,,,,
,,,,,,,,,,,,,,,,,,,,,,,,,,,,
,,,,,,,,,,,,,,,,,,,,,,,,,,,,
,,,,,,,,,,,,,,,,,,,,,,,,,,,,
,,,,,,,,,,,,,,,,,,,,,,,,,,,,
,,,,,,,,,,,,,,,,,,,,,,,,,,,,
,,,,,,,,,,,,,,,,,,,,,,,,,,,,
,,,,,,,,,,,,,,,,,,,,,,,,,,,,
,,,,,,,,,,,,,,,,,,,,,,,,,,,,
,,,,,,,,,,,,,,,,,,,,,,,,,,,,
,,,,,,,,,,,,,,,,,,,,,,,,,,,,
,,,,,,,,,,,,,,,,,,,,,,,,,,,,
,,,,,,,,,,,,,,,,,,,,,,,,,,,,
,,,,,,,,,,,,,,,,,,,,,,,,,,,,
,,,,,,,,,,,,,,,,,,,,,,,,,,,,
,,,,,,,,,,,,,,,,,,,,,,,,,,,,
,,,,,,,,,,,,,,,,,,,,,,,,,,,,
,,,,,,,,,,,,,,,,,,,,,,,,,,,,
,,,,,,,,,,,,,,,,,,,,,,,,,,,,
,,,,,,,,,,,,,,,,,,,,,,,,,,,,
,,,,,,,,,,,,,,,,,,,,,,,,,,,,
,,,,,,,,,,,,,,,,,,,,,,,,,,,,
,,,,,,,,,,,,,,,,,,,,,,,,,,,,
,,,,,,,,,,,,,,,,,,,,,,,,,,,,
,,,,,,,,,,,,,,,,,,,,,,,,,,,,
,,,,,,,,,,,,,,,,,,,,,,,,,,,,
,,,,,,,,,,,,,,,,,,,,,,,,,,,,
,,,,,,,,,,,,,,,,,,,,,,,,,,,,
,,,,,,,,,,,,,,,,,,,,,,,,,,,,
,,,,,,,,,,,,,,,,,,,,,,,,,,,,
,,,,,,,,,,,,,,,,,,,,,,,,,,,,
,,,,,,,,,,,,,,,,,,,,,,,,,,,,
,,,,,,,,,,,,,,,,,,,,,,,,,,,,
,,,,,,,,,,,,,,,,,,,,,,,,,,,,
,,,,,,,,,,,,,,,,,,,,,,,,,,,,
,,,,,,,,,,,,,,,,,,,,,,,,,,,,
,,,,,,,,,,,,,,,,,,,,,,,,,,,,
,,,,,,,,,,,,,,,,,,,,,,,,,,,,
,,,,,,,,,,,,,,,,,,,,,,,,,,,,
,,,,,,,,,,,,,,,,,,,,,,,,,,,,
,,,,,,,,,,,,,,,,,,,,,,,,,,,,
,,,,,,,,,,,,,,,,,,,,,,,,,,,,
,,,,,,,,,,,,,,,,,,,,,,,,,,,,
,,,,,,,,,,,,,,,,,,,,,,,,,,,,
,,,,,,,,,,,,,,,,,,,,,,,,,,,,
,,,,,,,,,,,,,,,,,,,,,,,,,,,,
,,,,,,,,,,,,,,,,,,,,,,,,,,,,
,,,,,,,,,,,,,,,,,,,,,,,,,,,,
,,,,,,,,,,,,,,,,,,,,,,,,,,,,
,,,,,,,,,,,,,,,,,,,,,,,,,,,,
,,,,,,,,,,,,,,,,,,,,,,,,,,,,
,,,,,,,,,,,,,,,,,,,,,,,,,,,,
,,,,,,,,,,,,,,,,,,,,,,,,,,,,
,,,,,,,,,,,,,,,,,,,,,,,,,,,,
,,,,,,,,,,,,,,,,,,,,,,,,,,,,
,,,,,,,,,,,,,,,,,,,,,,,,,,,,
,,,,,,,,,,,,,,,,,,,,,,,,,,,,
,,,,,,,,,,,,,,,,,,,,,,,,,,,,
,,,,,,,,,,,,,,,,,,,,,,,,,,,,
,,,,,,,,,,,,,,,,,,,,,,,,,,,,
,,,,,,,,,,,,,,,,,,,,,,,,,,,,
,,,,,,,,,,,,,,,,,,,,,,,,,,,,
,,,,,,,,,,,,,,,,,,,,,,,,,,,,
,,,,,,,,,,,,,,,,,,,,,,,,,,,,
,,,,,,,,,,,,,,,,,,,,,,,,,,,,
,,,,,,,,,,,,,,,,,,,,,,,,,,,,
,,,,,,,,,,,,,,,,,,,,,,,,,,,,
,,,,,,,,,,,,,,,,,,,,,,,,,,,,
,,,,,,,,,,,,,,,,,,,,,,,,,,,,
,,,,,,,,,,,,,,,,,,,,,,,,,,,,
,,,,,,,,,,,,,,,,,,,,,,,,,,,,
,,,,,,,,,,,,,,,,,,,,,,,,,,,,
,,,,,,,,,,,,,,,,,,,,,,,,,,,,
,,,,,,,,,,,,,,,,,,,,,,,,,,,,
,,,,,,,,,,,,,,,,,,,,,,,,,,,,
,,,,,,,,,,,,,,,,,,,,,,,,,,,,
,,,,,,,,,,,,,,,,,,,,,,,,,,,,
,,,,,,,,,,,,,,,,,,,,,,,,,,,,
,,,,,,,,,,,,,,,,,,,,,,,,,,,,
,,,,,,,,,,,,,,,,,,,,,,,,,,,,
,,,,,,,,,,,,,,,,,,,,,,,,,,,,
,,,,,,,,,,,,,,,,,,,,,,,,,,,,
,,,,,,,,,,,,,,,,,,,,,,,,,,,,
,,,,,,,,,,,,,,,,,,,,,,,,,,,,
,,,,,,,,,,,,,,,,,,,,,,,,,,,,
,,,,,,,,,,,,,,,,,,,,,,,,,,,,
,,,,,,,,,,,,,,,,,,,,,,,,,,,,
,,,,,,,,,,,,,,,,,,,,,,,,,,,,
,,,,,,,,,,,,,,,,,,,,,,,,,,,,
,,,,,,,,,,,,,,,,,,,,,,,,,,,,
,,,,,,,,,,,,,,,,,,,,,,,,,,,,
,,,,,,,,,,,,,,,,,,,,,,,,,,,,
,,,,,,,,,,,,,,,,,,,,,,,,,,,,
,,,,,,,,,,,,,,,,,,,,,,,,,,,,
,,,,,,,,,,,,,,,,,,,,,,,,,,,,
,,,,,,,,,,,,,,,,,,,,,,,,,,,,
,,,,,,,,,,,,,,,,,,,,,,,,,,,,
,,,,,,,,,,,,,,,,,,,,,,,,,,,,
,,,,,,,,,,,,,,,,,,,,,,,,,,,,
,,,,,,,,,,,,,,,,,,,,,,,,,,,,
,,,,,,,,,,,,,,,,,,,,,,,,,,,,
,,,,,,,,,,,,,,,,,,,,,,,,,,,,
,,,,,,,,,,,,,,,,,,,,,,,,,,,,
,,,,,,,,,,,,,,,,,,,,,,,,,,,,
,,,,,,,,,,,,,,,,,,,,,,,,,,,,
,,,,,,,,,,,,,,,,,,,,,,,,,,,,
,,,,,,,,,,,,,,,,,,,,,,,,,,,,
,,,,,,,,,,,,,,,,,,,,,,,,,,,,
,,,,,,,,,,,,,,,,,,,,,,,,,,,,
,,,,,,,,,,,,,,,,,,,,,,,,,,,,
,,,,,,,,,,,,,,,,,,,,,,,,,,,,
,,,,,,,,,,,,,,,,,,,,,,,,,,,,
,,,,,,,,,,,,,,,,,,,,,,,,,,,,
,,,,,,,,,,,,,,,,,,,,,,,,,,,,
,,,,,,,,,,,,,,,,,,,,,,,,,,,,
,,,,,,,,,,,,,,,,,,,,,,,,,,,,
,,,,,,,,,,,,,,,,,,,,,,,,,,,,
,,,,,,,,,,,,,,,,,,,,,,,,,,,,
,,,,,,,,,,,,,,,,,,,,,,,,,,,,
,,,,,,,,,,,,,,,,,,,,,,,,,,,,
,,,,,,,,,,,,,,,,,,,,,,,,,,,,
,,,,,,,,,,,,,,,,,,,,,,,,,,,,
,,,,,,,,,,,,,,,,,,,,,,,,,,,,
,,,,,,,,,,,,,,,,,,,,,,,,,,,,
,,,,,,,,,,,,,,,,,,,,,,,,,,,,
,,,,,,,,,,,,,,,,,,,,,,,,,,,,
,,,,,,,,,,,,,,,,,,,,,,,,,,,,
,,,,,,,,,,,,,,,,,,,,,,,,,,,,
,,,,,,,,,,,,,,,,,,,,,,,,,,,,
,,,,,,,,,,,,,,,,,,,,,,,,,,,,
,,,,,,,,,,,,,,,,,,,,,,,,,,,,
,,,,,,,,,,,,,,,,,,,,,,,,,,,,
,,,,,,,,,,,,,,,,,,,,,,,,,,,,
,,,,,,,,,,,,,,,,,,,,,,,,,,,,
,,,,,,,,,,,,,,,,,,,,,,,,,,,,
,,,,,,,,,,,,,,,,,,,,,,,,,,,,
,,,,,,,,,,,,,,,,,,,,,,,,,,,,
,,,,,,,,,,,,,,,,,,,,,,,,,,,,
,,,,,,,,,,,,,,,,,,,,,,,,,,,,
,,,,,,,,,,,,,,,,,,,,,,,,,,,,
,,,,,,,,,,,,,,,,,,,,,,,,,,,,
,,,,,,,,,,,,,,,,,,,,,,,,,,,,
,,,,,,,,,,,,,,,,,,,,,,,,,,,,
,,,,,,,,,,,,,,,,,,,,,,,,,,,,
,,,,,,,,,,,,,,,,,,,,,,,,,,,,
,,,,,,,,,,,,,,,,,,,,,,,,,,,,
,,,,,,,,,,,,,,,,,,,,,,,,,,,,
,,,,,,,,,,,,,,,,,,,,,,,,,,,,
,,,,,,,,,,,,,,,,,,,,,,,,,,,,
,,,,,,,,,,,,,,,,,,,,,,,,,,,,
,,,,,,,,,,,,,,,,,,,,,,,,,,,,
,,,,,,,,,,,,,,,,,,,,,,,,,,,,
,,,,,,,,,,,,,,,,,,,,,,,,,,,,
,,,,,,,,,,,,,,,,,,,,,,,,,,,,
,,,,,,,,,,,,,,,,,,,,,,,,,,,,
,,,,,,,,,,,,,,,,,,,,,,,,,,,,
,,,,,,,,,,,,,,,,,,,,,,,,,,,,
,,,,,,,,,,,,,,,,,,,,,,,,,,,,
,,,,,,,,,,,,,,,,,,,,,,,,,,,,
,,,,,,,,,,,,,,,,,,,,,,,,,,,,
,,,,,,,,,,,,,,,,,,,,,,,,,,,,
,,,,,,,,,,,,,,,,,,,,,,,,,,,,
,,,,,,,,,,,,,,,,,,,,,,,,,,,,
,,,,,,,,,,,,,,,,,,,,,,,,,,,,
,,,,,,,,,,,,,,,,,,,,,,,,,,,,
,,,,,,,,,,,,,,,,,,,,,,,,,,,,
,,,,,,,,,,,,,,,,,,,,,,,,,,,,
,,,,,,,,,,,,,,,,,,,,,,,,,,,,
,,,,,,,,,,,,,,,,,,,,,,,,,,,,
,,,,,,,,,,,,,,,,,,,,,,,,,,,,
,,,,,,,,,,,,,,,,,,,,,,,,,,,,
,,,,,,,,,,,,,,,,,,,,,,,,,,,,
,,,,,,,,,,,,,,,,,,,,,,,,,,,,
,,,,,,,,,,,,,,,,,,,,,,,,,,,,
,,,,,,,,,,,,,,,,,,,,,,,,,,,,
,,,,,,,,,,,,,,,,,,,,,,,,,,,,
,,,,,,,,,,,,,,,,,,,,,,,,,,,,
,,,,,,,,,,,,,,,,,,,,,,,,,,,,
,,,,,,,,,,,,,,,,,,,,,,,,,,,,
,,,,,,,,,,,,,,,,,,,,,,,,,,,,
,,,,,,,,,,,,,,,,,,,,,,,,,,,,
,,,,,,,,,,,,,,,,,,,,,,,,,,,,
,,,,,,,,,,,,,,,,,,,,,,,,,,,,
,,,,,,,,,,,,,,,,,,,,,,,,,,,,
,,,,,,,,,,,,,,,,,,,,,,,,,,,,
,,,,,,,,,,,,,,,,,,,,,,,,,,,,
,,,,,,,,,,,,,,,,,,,,,,,,,,,,
,,,,,,,,,,,,,,,,,,,,,,,,,,,,
,,,,,,,,,,,,,,,,,,,,,,,,,,,,
,,,,,,,,,,,,,,,,,,,,,,,,,,,,
,,,,,,,,,,,,,,,,,,,,,,,,,,,,
,,,,,,,,,,,,,,,,,,,,,,,,,,,,
,,,,,,,,,,,,,,,,,,,,,,,,,,,,
,,,,,,,,,,,,,,,,,,,,,,,,,,,,
,,,,,,,,,,,,,,,,,,,,,,,,,,,,
,,,,,,,,,,,,,,,,,,,,,,,,,,,,
,,,,,,,,,,,,,,,,,,,,,,,,,,,,
,,,,,,,,,,,,,,,,,,,,,,,,,,,,
,,,,,,,,,,,,,,,,,,,,,,,,,,,,
,,,,,,,,,,,,,,,,,,,,,,,,,,,,
,,,,,,,,,,,,,,,,,,,,,,,,,,,,
,,,,,,,,,,,,,,,,,,,,,,,,,,,,
,,,,,,,,,,,,,,,,,,,,,,,,,,,,
,,,,,,,,,,,,,,,,,,,,,,,,,,,,
,,,,,,,,,,,,,,,,,,,,,,,,,,,,
,,,,,,,,,,,,,,,,,,,,,,,,,,,,
,,,,,,,,,,,,,,,,,,,,,,,,,,,,
,,,,,,,,,,,,,,,,,,,,,,,,,,,,
,,,,,,,,,,,,,,,,,,,,,,,,,,,,
,,,,,,,,,,,,,,,,,,,,,,,,,,,,
,,,,,,,,,,,,,,,,,,,,,,,,,,,,
,,,,,,,,,,,,,,,,,,,,,,,,,,,,
,,,,,,,,,,,,,,,,,,,,,,,,,,,,
,,,,,,,,,,,,,,,,,,,,,,,,,,,,
,,,,,,,,,,,,,,,,,,,,,,,,,,,,
,,,,,,,,,,,,,,,,,,,,,,,,,,,,
,,,,,,,,,,,,,,,,,,,,,,,,,,,,
,,,,,,,,,,,,,,,,,,,,,,,,,,,,
,,,,,,,,,,,,,,,,,,,,,,,,,,,,
,,,,,,,,,,,,,,,,,,,,,,,,,,,,
,,,,,,,,,,,,,,,,,,,,,,,,,,,,
,,,,,,,,,,,,,,,,,,,,,,,,,,,,
,,,,,,,,,,,,,,,,,,,,,,,,,,,,
,,,,,,,,,,,,,,,,,,,,,,,,,,,,
,,,,,,,,,,,,,,,,,,,,,,,,,,,,
,,,,,,,,,,,,,,,,,,,,,,,,,,,,
,,,,,,,,,,,,,,,,,,,,,,,,,,,,
,,,,,,,,,,,,,,,,,,,,,,,,,,,,
,,,,,,,,,,,,,,,,,,,,,,,,,,,,
,,,,,,,,,,,,,,,,,,,,,,,,,,,,
,,,,,,,,,,,,,,,,,,,,,,,,,,,,
,,,,,,,,,,,,,,,,,,,,,,,,,,,,
,,,,,,,,,,,,,,,,,,,,,,,,,,,,
,,,,,,,,,,,,,,,,,,,,,,,,,,,,
,,,,,,,,,,,,,,,,,,,,,,,,,,,,
,,,,,,,,,,,,,,,,,,,,,,,,,,,,
,,,,,,,,,,,,,,,,,,,,,,,,,,,,
,,,,,,,,,,,,,,,,,,,,,,,,,,,,
,,,,,,,,,,,,,,,,,,,,,,,,,,,,
,,,,,,,,,,,,,,,,,,,,,,,,,,,,
,,,,,,,,,,,,,,,,,,,,,,,,,,,,
,,,,,,,,,,,,,,,,,,,,,,,,,,,,
,,,,,,,,,,,,,,,,,,,,,,,,,,,,
,,,,,,,,,,,,,,,,,,,,,,,,,,,,
,,,,,,,,,,,,,,,,,,,,,,,,,,,,
,,,,,,,,,,,,,,,,,,,,,,,,,,,,
,,,,,,,,,,,,,,,,,,,,,,,,,,,,
,,,,,,,,,,,,,,,,,,,,,,,,,,,,
,,,,,,,,,,,,,,,,,,,,,,,,,,,,
,,,,,,,,,,,,,,,,,,,,,,,,,,,,
,,,,,,,,,,,,,,,,,,,,,,,,,,,,
,,,,,,,,,,,,,,,,,,,,,,,,,,,,
,,,,,,,,,,,,,,,,,,,,,,,,,,,,
,,,,,,,,,,,,,,,,,,,,,,,,,,,,
,,,,,,,,,,,,,,,,,,,,,,,,,,,,
,,,,,,,,,,,,,,,,,,,,,,,,,,,,
,,,,,,,,,,,,,,,,,,,,,,,,,,,,
,,,,,,,,,,,,,,,,,,,,,,,,,,,,
,,,,,,,,,,,,,,,,,,,,,,,,,,,,
,,,,,,,,,,,,,,,,,,,,,,,,,,,,
,,,,,,,,,,,,,,,,,,,,,,,,,,,,
,,,,,,,,,,,,,,,,,,,,,,,,,,,,
,,,,,,,,,,,,,,,,,,,,,,,,,,,,
,,,,,,,,,,,,,,,,,,,,,,,,,,,,
,,,,,,,,,,,,,,,,,,,,,,,,,,,,
,,,,,,,,,,,,,,,,,,,,,,,,,,,,
,,,,,,,,,,,,,,,,,,,,,,,,,,,,
,,,,,,,,,,,,,,,,,,,,,,,,,,,,
,,,,,,,,,,,,,,,,,,,,,,,,,,,,
,,,,,,,,,,,,,,,,,,,,,,,,,,,,
,,,,,,,,,,,,,,,,,,,,,,,,,,,,
,,,,,,,,,,,,,,,,,,,,,,,,,,,,
,,,,,,,,,,,,,,,,,,,,,,,,,,,,
,,,,,,,,,,,,,,,,,,,,,,,,,,,,
,,,,,,,,,,,,,,,,,,,,,,,,,,,,
,,,,,,,,,,,,,,,,,,,,,,,,,,,,
,,,,,,,,,,,,,,,,,,,,,,,,,,,,
,,,,,,,,,,,,,,,,,,,,,,,,,,,,
,,,,,,,,,,,,,,,,,,,,,,,,,,,,
,,,,,,,,,,,,,,,,,,,,,,,,,,,,
,,,,,,,,,,,,,,,,,,,,,,,,,,,,
,,,,,,,,,,,,,,,,,,,,,,,,,,,,
,,,,,,,,,,,,,,,,,,,,,,,,,,,,
,,,,,,,,,,,,,,,,,,,,,,,,,,,,
,,,,,,,,,,,,,,,,,,,,,,,,,,,,
,,,,,,,,,,,,,,,,,,,,,,,,,,,,
,,,,,,,,,,,,,,,,,,,,,,,,,,,,
,,,,,,,,,,,,,,,,,,,,,,,,,,,,
,,,,,,,,,,,,,,,,,,,,,,,,,,,,
,,,,,,,,,,,,,,,,,,,,,,,,,,,,
,,,,,,,,,,,,,,,,,,,,,,,,,,,,
,,,,,,,,,,,,,,,,,,,,,,,,,,,,
,,,,,,,,,,,,,,,,,,,,,,,,,,,,
,,,,,,,,,,,,,,,,,,,,,,,,,,,,
,,,,,,,,,,,,,,,,,,,,,,,,,,,,
,,,,,,,,,,,,,,,,,,,,,,,,,,,,
,,,,,,,,,,,,,,,,,,,,,,,,,,,,
,,,,,,,,,,,,,,,,,,,,,,,,,,,,
,,,,,,,,,,,,,,,,,,,,,,,,,,,,
,,,,,,,,,,,,,,,,,,,,,,,,,,,,
,,,,,,,,,,,,,,,,,,,,,,,,,,,,
,,,,,,,,,,,,,,,,,,,,,,,,,,,,
,,,,,,,,,,,,,,,,,,,,,,,,,,,,
,,,,,,,,,,,,,,,,,,,,,,,,,,,,
,,,,,,,,,,,,,,,,,,,,,,,,,,,,
,,,,,,,,,,,,,,,,,,,,,,,,,,,,
,,,,,,,,,,,,,,,,,,,,,,,,,,,,
,,,,,,,,,,,,,,,,,,,,,,,,,,,,
,,,,,,,,,,,,,,,,,,,,,,,,,,,,
,,,,,,,,,,,,,,,,,,,,,,,,,,,,
,,,,,,,,,,,,,,,,,,,,,,,,,,,,
,,,,,,,,,,,,,,,,,,,,,,,,,,,,
,,,,,,,,,,,,,,,,,,,,,,,,,,,,
,,,,,,,,,,,,,,,,,,,,,,,,,,,,
,,,,,,,,,,,,,,,,,,,,,,,,,,,,
,,,,,,,,,,,,,,,,,,,,,,,,,,,,
,,,,,,,,,,,,,,,,,,,,,,,,,,,,
,,,,,,,,,,,,,,,,,,,,,,,,,,,,
,,,,,,,,,,,,,,,,,,,,,,,,,,,,
,,,,,,,,,,,,,,,,,,,,,,,,,,,,
,,,,,,,,,,,,,,,,,,,,,,,,,,,,
,,,,,,,,,,,,,,,,,,,,,,,,,,,,
,,,,,,,,,,,,,,,,,,,,,,,,,,,,
,,,,,,,,,,,,,,,,,,,,,,,,,,,,
,,,,,,,,,,,,,,,,,,,,,,,,,,,,
,,,,,,,,,,,,,,,,,,,,,,,,,,,,
,,,,,,,,,,,,,,,,,,,,,,,,,,,,
,,,,,,,,,,,,,,,,,,,,,,,,,,,,
,,,,,,,,,,,,,,,,,,,,,,,,,,,,
,,,,,,,,,,,,,,,,,,,,,,,,,,,,
,,,,,,,,,,,,,,,,,,,,,,,,,,,,
,,,,,,,,,,,,,,,,,,,,,,,,,,,,
,,,,,,,,,,,,,,,,,,,,,,,,,,,,
,,,,,,,,,,,,,,,,,,,,,,,,,,,,
,,,,,,,,,,,,,,,,,,,,,,,,,,,,
,,,,,,,,,,,,,,,,,,,,,,,,,,,,
,,,,,,,,,,,,,,,,,,,,,,,,,,,,
,,,,,,,,,,,,,,,,,,,,,,,,,,,,
,,,,,,,,,,,,,,,,,,,,,,,,,,,,
,,,,,,,,,,,,,,,,,,,,,,,,,,,,
,,,,,,,,,,,,,,,,,,,,,,,,,,,,
,,,,,,,,,,,,,,,,,,,,,,,,,,,,
,,,,,,,,,,,,,,,,,,,,,,,,,,,,
,,,,,,,,,,,,,,,,,,,,,,,,,,,,
,,,,,,,,,,,,,,,,,,,,,,,,,,,,
,,,,,,,,,,,,,,,,,,,,,,,,,,,,
,,,,,,,,,,,,,,,,,,,,,,,,,,,,
,,,,,,,,,,,,,,,,,,,,,,,,,,,,
,,,,,,,,,,,,,,,,,,,,,,,,,,,,
,,,,,,,,,,,,,,,,,,,,,,,,,,,,
,,,,,,,,,,,,,,,,,,,,,,,,,,,,
,,,,,,,,,,,,,,,,,,,,,,,,,,,,
,,,,,,,,,,,,,,,,,,,,,,,,,,,,
,,,,,,,,,,,,,,,,,,,,,,,,,,,,
,,,,,,,,,,,,,,,,,,,,,,,,,,,,
,,,,,,,,,,,,,,,,,,,,,,,,,,,,
,,,,,,,,,,,,,,,,,,,,,,,,,,,,
,,,,,,,,,,,,,,,,,,,,,,,,,,,,
,,,,,,,,,,,,,,,,,,,,,,,,,,,,
,,,,,,,,,,,,,,,,,,,,,,,,,,,,
,,,,,,,,,,,,,,,,,,,,,,,,,,,,
,,,,,,,,,,,,,,,,,,,,,,,,,,,,
,,,,,,,,,,,,,,,,,,,,,,,,,,,,
,,,,,,,,,,,,,,,,,,,,,,,,,,,,
,,,,,,,,,,,,,,,,,,,,,,,,,,,,
,,,,,,,,,,,,,,,,,,,,,,,,,,,,
,,,,,,,,,,,,,,,,,,,,,,,,,,,,
,,,,,,,,,,,,,,,,,,,,,,,,,,,,
,,,,,,,,,,,,,,,,,,,,,,,,,,,,
,,,,,,,,,,,,,,,,,,,,,,,,,,,,
,,,,,,,,,,,,,,,,,,,,,,,,,,,,
,,,,,,,,,,,,,,,,,,,,,,,,,,,,
,,,,,,,,,,,,,,,,,,,,,,,,,,,,
,,,,,,,,,,,,,,,,,,,,,,,,,,,,
,,,,,,,,,,,,,,,,,,,,,,,,,,,,
,,,,,,,,,,,,,,,,,,,,,,,,,,,,
,,,,,,,,,,,,,,,,,,,,,,,,,,,,
,,,,,,,,,,,,,,,,,,,,,,,,,,,,
,,,,,,,,,,,,,,,,,,,,,,,,,,,,
,,,,,,,,,,,,,,,,,,,,,,,,,,,,
,,,,,,,,,,,,,,,,,,,,,,,,,,,,
,,,,,,,,,,,,,,,,,,,,,,,,,,,,
,,,,,,,,,,,,,,,,,,,,,,,,,,,,
,,,,,,,,,,,,,,,,,,,,,,,,,,,,
,,,,,,,,,,,,,,,,,,,,,,,,,,,,
,,,,,,,,,,,,,,,,,,,,,,,,,,,,
,,,,,,,,,,,,,,,,,,,,,,,,,,,,
,,,,,,,,,,,,,,,,,,,,,,,,,,,,
,,,,,,,,,,,,,,,,,,,,,,,,,,,,
,,,,,,,,,,,,,,,,,,,,,,,,,,,,
,,,,,,,,,,,,,,,,,,,,,,,,,,,,
,,,,,,,,,,,,,,,,,,,,,,,,,,,,
,,,,,,,,,,,,,,,,,,,,,,,,,,,,
,,,,,,,,,,,,,,,,,,,,,,,,,,,,
,,,,,,,,,,,,,,,,,,,,,,,,,,,,
,,,,,,,,,,,,,,,,,,,,,,,,,,,,
,,,,,,,,,,,,,,,,,,,,,,,,,,,,
,,,,,,,,,,,,,,,,,,,,,,,,,,,,
,,,,,,,,,,,,,,,,,,,,,,,,,,,,
,,,,,,,,,,,,,,,,,,,,,,,,,,,,
,,,,,,,,,,,,,,,,,,,,,,,,,,,,
,,,,,,,,,,,,,,,,,,,,,,,,,,,,
,,,,,,,,,,,,,,,,,,,,,,,,,,,,
,,,,,,,,,,,,,,,,,,,,,,,,,,,,
,,,,,,,,,,,,,,,,,,,,,,,,,,,,
,,,,,,,,,,,,,,,,,,,,,,,,,,,,
,,,,,,,,,,,,,,,,,,,,,,,,,,,,
Reconstructed Catch of Trichiuridae in Mexico (Pacific),Captura;  Reconstruida;  Pacifico;  Industrial;  Subsistencia; Artesanal; Deportiva;  Trichiuridae,Andres Cisneros-Montemayor,SAU,1,Trichiuridae,,Pacific,NA,1999,2010,Year,Area,SAU eeZ 945 v1-43,"Unreported Marine Fisheries Catch in Mexico, 1950-2010",2013,http://www.seaaroundus.org/data/#/eez/945?chart=catch-chart&dimension=taxon&measure=tonnage&limit=43,NO,,,Juliano Palacios; jepa88@gmail.com,Academic,Academic,Fisheries,Benefits,NA,NA,15,-116
Reconstructed Catch of Coryphaena in Mexico (Pacific),Captura;  Reconstruida;  Pacifico;  Industrial;  Subsistencia; Artesanal; Deportiva;  Coryphaena,Andres Cisneros-Montemayor,SAU,1,Coryphaena,,Pacific,NA,1971,2010,Year,Area,SAU eeZ 945 v1-43,"Unreported Marine Fisheries Catch in Mexico, 1950-2010",2013,http://www.seaaroundus.org/data/#/eez/945?chart=catch-chart&dimension=taxon&measure=tonnage&limit=44,NO,,,Juliano Palacios; jepa88@gmail.com,Academic,Academic,Fisheries,Benefits,NA,NA,16,-113
Reconstructed Catch of Sciaenidae in Mexico (Pacific),Captura;  Reconstruida;  Pacifico;  Industrial;  Subsistencia; Artesanal; Deportiva;  Sciaenidae,Andres Cisneros-Montemayor,SAU,1,Sciaenidae,,Pacific,NA,1950,2010,Year,Area,SAU eeZ 945 v1-43,"Unreported Marine Fisheries Catch in Mexico, 1950-2010",2013,http://www.seaaroundus.org/data/#/eez/945?chart=catch-chart&dimension=taxon&measure=tonnage&limit=45,NO,,,Juliano Palacios; jepa88@gmail.com,Academic,Academic,Fisheries,Benefits,NA,NA,17,-110
Reconstructed Catch of Sarda chiliensis in Mexico (Pacific),Captura;  Reconstruida;  Pacifico;  Industrial;  Subsistencia; Artesanal; Deportiva;  Sarda chiliensis,Andres Cisneros-Montemayor,SAU,1,Sarda chiliensis,,Pacific,NA,1958,2010,Year,Area,SAU eeZ 945 v1-43,"Unreported Marine Fisheries Catch in Mexico, 1950-2010",2013,http://www.seaaroundus.org/data/#/eez/945?chart=catch-chart&dimension=taxon&measure=tonnage&limit=46,NO,,,Juliano Palacios; jepa88@gmail.com,Academic,Academic,Fisheries,Benefits,NA,NA,25,-116
Reconstructed Catch of Mytilus in Mexico (Pacific),Captura;  Reconstruida;  Pacifico;  Industrial;  Subsistencia; Artesanal; Deportiva;  Mytilus,Andres Cisneros-Montemayor,SAU,1,Mytilus,,Pacific,NA,1962,2010,Year,Area,SAU eeZ 945 v1-43,"Unreported Marine Fisheries Catch in Mexico, 1950-2010",2013,http://www.seaaroundus.org/data/#/eez/945?chart=catch-chart&dimension=taxon&measure=tonnage&limit=47,NO,,,Juliano Palacios; jepa88@gmail.com,Academic,Academic,Fisheries,Benefits,NA,NA,22,-112
Reconstructed Catch of Harengula in Mexico (Pacific),Captura;  Reconstruida;  Pacifico;  Industrial;  Subsistencia; Artesanal; Deportiva;  Harengula,Andres Cisneros-Montemayor,SAU,1,Harengula,,Pacific,NA,2005,2006,Year,Area,SAU eeZ 945 v1-43,"Unreported Marine Fisheries Catch in Mexico, 1950-2010",2013,http://www.seaaroundus.org/data/#/eez/945?chart=catch-chart&dimension=taxon&measure=tonnage&limit=48,NO,,,Juliano Palacios; jepa88@gmail.com,Academic,Academic,Fisheries,Benefits,NA,NA,21,-112
Reconstructed Catch of Pleuronectiformes in Mexico (Pacific),Captura;  Reconstruida;  Pacifico;  Industrial;  Subsistencia; Artesanal; Deportiva;  Pleuronectiformes,Andres Cisneros-Montemayor,SAU,1,Pleuronectiformes,,Pacific,NA,1950,2010,Year,Area,SAU eeZ 945 v1-43,"Unreported Marine Fisheries Catch in Mexico, 1950-2010",2013,http://www.seaaroundus.org/data/#/eez/945?chart=catch-chart&dimension=taxon&measure=tonnage&limit=49,NO,,,Juliano Palacios; jepa88@gmail.com,Academic,Academic,Fisheries,Benefits,NA,NA,15,-111
Reconstructed Catch of Mugil cephalus in Mexico (Pacific),Captura;  Reconstruida;  Pacifico;  Industrial;  Subsistencia; Artesanal; Deportiva;  Mugil cephalus,Andres Cisneros-Montemayor,SAU,1,Mugil cephalus,,Pacific,NA,1950,2010,Year,Area,SAU eeZ 945 v1-43,"Unreported Marine Fisheries Catch in Mexico, 1950-2010",2013,http://www.seaaroundus.org/data/#/eez/945?chart=catch-chart&dimension=taxon&measure=tonnage&limit=50,NO,,,Juliano Palacios; jepa88@gmail.com,Academic,Academic,Fisheries,Benefits,NA,NA,22,-112
Reconstructed Catch of Stereolepis gigas in Mexico (Pacific),Captura;  Reconstruida;  Pacifico;  Industrial;  Subsistencia; Artesanal; Deportiva;  Stereolepis gigas,Andres Cisneros-Montemayor,SAU,1,Stereolepis gigas,,Pacific,NA,1950,2010,Year,Area,SAU eeZ 945 v1-43,"Unreported Marine Fisheries Catch in Mexico, 1950-2010",2013,http://www.seaaroundus.org/data/#/eez/945?chart=catch-chart&dimension=taxon&measure=tonnage&limit=51,NO,,,Juliano Palacios; jepa88@gmail.com,Academic,Academic,Fisheries,Benefits,NA,NA,22,-119
Reconstructed Catch of Epinephelus itajara in Mexico (Pacific),Captura;  Reconstruida;  Pacifico;  Industrial;  Subsistencia; Artesanal; Deportiva;  Epinephelus itajara,Andres Cisneros-Montemayor,SAU,1,Epinephelus itajara,,Pacific,NA,1950,2010,Year,Area,SAU eeZ 945 v1-43,"Unreported Marine Fisheries Catch in Mexico, 1950-2010",2013,http://www.seaaroundus.org/data/#/eez/945?chart=catch-chart&dimension=taxon&measure=tonnage&limit=52,NO,,,Juliano Palacios; jepa88@gmail.com,Academic,Academic,Fisheries,Benefits,NA,NA,23,-120
Reconstructed Catch of Mugil in Mexico (Pacific),Captura;  Reconstruida;  Pacifico;  Industrial;  Subsistencia; Artesanal; Deportiva;  Mugil,Andres Cisneros-Montemayor,SAU,1,Mugil,,Pacific,NA,2005,2010,Year,Area,SAU eeZ 945 v1-43,"Unreported Marine Fisheries Catch in Mexico, 1950-2010",2013,http://www.seaaroundus.org/data/#/eez/945?chart=catch-chart&dimension=taxon&measure=tonnage&limit=53,NO,,,Juliano Palacios; jepa88@gmail.com,Academic,Academic,Fisheries,Benefits,NA,NA,22,-119
Reconstructed Catch of Haemulidae in Mexico (Pacific),Captura;  Reconstruida;  Pacifico;  Industrial;  Subsistencia; Artesanal; Deportiva;  Haemulidae,Andres Cisneros-Montemayor,SAU,1,Haemulidae,,Pacific,NA,1950,2010,Year,Area,SAU eeZ 945 v1-43,"Unreported Marine Fisheries Catch in Mexico, 1950-2010",2013,http://www.seaaroundus.org/data/#/eez/945?chart=catch-chart&dimension=taxon&measure=tonnage&limit=54,NO,,,Juliano Palacios; jepa88@gmail.com,Academic,Academic,Fisheries,Benefits,NA,NA,18,-110
Reconstructed Catch of Rhinobatidae in Mexico (Pacific),Captura;  Reconstruida;  Pacifico;  Industrial;  Subsistencia; Artesanal; Deportiva;  Rhinobatidae,Andres Cisneros-Montemayor,SAU,1,Rhinobatidae,,Pacific,NA,1965,2010,Year,Area,SAU eeZ 945 v1-43,"Unreported Marine Fisheries Catch in Mexico, 1950-2010",2013,http://www.seaaroundus.org/data/#/eez/945?chart=catch-chart&dimension=taxon&measure=tonnage&limit=55,NO,,,Juliano Palacios; jepa88@gmail.com,Academic,Academic,Fisheries,Benefits,NA,NA,28,-112
Reconstructed Catch of Merluccius in Mexico (Pacific),Captura;  Reconstruida;  Pacifico;  Industrial;  Subsistencia; Artesanal; Deportiva;  Merluccius,Andres Cisneros-Montemayor,SAU,1,Merluccius,,Pacific,NA,1972,2010,Year,Area,SAU eeZ 945 v1-43,"Unreported Marine Fisheries Catch in Mexico, 1950-2010",2013,http://www.seaaroundus.org/data/#/eez/945?chart=catch-chart&dimension=taxon&measure=tonnage&limit=56,NO,,,Juliano Palacios; jepa88@gmail.com,Academic,Academic,Fisheries,Benefits,NA,NA,20,-114
Reconstructed Catch of Sphyrna in Mexico (Pacific),Captura;  Reconstruida;  Pacifico;  Industrial;  Subsistencia; Artesanal; Deportiva;  Sphyrna,Andres Cisneros-Montemayor,SAU,1,Sphyrna,,Pacific,NA,1950,2010,Year,Area,SAU eeZ 945 v1-43,"Unreported Marine Fisheries Catch in Mexico, 1950-2010",2013,http://www.seaaroundus.org/data/#/eez/945?chart=catch-chart&dimension=taxon&measure=tonnage&limit=57,NO,,,Juliano Palacios; jepa88@gmail.com,Academic,Academic,Fisheries,Benefits,NA,NA,24,-115
Reconstructed Catch of Peprilus in Mexico (Pacific),Captura;  Reconstruida;  Pacifico;  Industrial;  Subsistencia; Artesanal; Deportiva;  Peprilus,Andres Cisneros-Montemayor,SAU,1,Peprilus,,Pacific,NA,1950,2010,Year,Area,SAU eeZ 945 v1-43,"Unreported Marine Fisheries Catch in Mexico, 1950-2010",2013,http://www.seaaroundus.org/data/#/eez/945?chart=catch-chart&dimension=taxon&measure=tonnage&limit=58,NO,,,Juliano Palacios; jepa88@gmail.com,Academic,Academic,Fisheries,Benefits,NA,NA,27,-110
Reconstructed Catch of Clupeidae in Mexico (Pacific),Captura;  Reconstruida;  Pacifico;  Industrial;  Subsistencia; Artesanal; Deportiva;  Clupeidae,Andres Cisneros-Montemayor,SAU,1,Clupeidae,,Pacific,NA,2005,2010,Year,Area,SAU eeZ 945 v1-43,"Unreported Marine Fisheries Catch in Mexico, 1950-2010",2013,http://www.seaaroundus.org/data/#/eez/945?chart=catch-chart&dimension=taxon&measure=tonnage&limit=59,NO,,,Juliano Palacios; jepa88@gmail.com,Academic,Academic,Fisheries,Benefits,NA,NA,26,-120
Reconstructed Catch of Clupeiformes in Mexico (Pacific),Captura;  Reconstruida;  Pacifico;  Industrial;  Subsistencia; Artesanal; Deportiva;  Clupeiformes,Andres Cisneros-Montemayor,SAU,1,Clupeiformes,,Pacific,NA,1964,2010,Year,Area,SAU eeZ 945 v1-43,"Unreported Marine Fisheries Catch in Mexico, 1950-2010",2013,http://www.seaaroundus.org/data/#/eez/945?chart=catch-chart&dimension=taxon&measure=tonnage&limit=60,NO,,,Juliano Palacios; jepa88@gmail.com,Academic,Academic,Fisheries,Benefits,NA,NA,22,-120
Reconstructed Catch of Cephalopholis in Mexico (Pacific),Captura;  Reconstruida;  Pacifico;  Industrial;  Subsistencia; Artesanal; Deportiva;  Cephalopholis,Andres Cisneros-Montemayor,SAU,1,Cephalopholis,,Pacific,NA,1950,2010,Year,Area,SAU eeZ 945 v1-43,"Unreported Marine Fisheries Catch in Mexico, 1950-2010",2013,http://www.seaaroundus.org/data/#/eez/945?chart=catch-chart&dimension=taxon&measure=tonnage&limit=61,NO,,,Juliano Palacios; jepa88@gmail.com,Academic,Academic,Fisheries,Benefits,NA,NA,29,-111
Reconstructed Catch of Makaira mazara in Mexico (Pacific),Captura;  Reconstruida;  Pacifico;  Industrial;  Subsistencia; Artesanal; Deportiva;  Makaira mazara,Andres Cisneros-Montemayor,SAU,1,Makaira mazara,,Pacific,NA,1950,2010,Year,Area,SAU eeZ 945 v1-43,"Unreported Marine Fisheries Catch in Mexico, 1950-2010",2013,http://www.seaaroundus.org/data/#/eez/945?chart=catch-chart&dimension=taxon&measure=tonnage&limit=62,NO,,,Juliano Palacios; jepa88@gmail.com,Academic,Academic,Fisheries,Benefits,NA,NA,30,-110
Reconstructed Catch of Istiophorus platypterus in Mexico (Pacific),Captura;  Reconstruida;  Pacifico;  Industrial;  Subsistencia; Artesanal; Deportiva;  Istiophorus platypterus,Andres Cisneros-Montemayor,SAU,1,Istiophorus platypterus,,Pacific,NA,1950,2010,Year,Area,SAU eeZ 945 v1-43,"Unreported Marine Fisheries Catch in Mexico, 1950-2010",2013,http://www.seaaroundus.org/data/#/eez/945?chart=catch-chart&dimension=taxon&measure=tonnage&limit=63,NO,,,Juliano Palacios; jepa88@gmail.com,Academic,Academic,Fisheries,Benefits,NA,NA,26,-118
Reconstructed Catch of Caranx in Mexico (Pacific),Captura;  Reconstruida;  Pacifico;  Industrial;  Subsistencia; Artesanal; Deportiva;  Caranx,Andres Cisneros-Montemayor,SAU,1,Caranx,,Pacific,NA,1954,2010,Year,Area,SAU eeZ 945 v1-43,"Unreported Marine Fisheries Catch in Mexico, 1950-2010",2013,http://www.seaaroundus.org/data/#/eez/945?chart=catch-chart&dimension=taxon&measure=tonnage&limit=64,NO,,,Juliano Palacios; jepa88@gmail.com,Academic,Academic,Fisheries,Benefits,NA,NA,27,-114
Reconstructed Catch of Carangidae in Mexico (Pacific),Captura;  Reconstruida;  Pacifico;  Industrial;  Subsistencia; Artesanal; Deportiva;  Carangidae,Andres Cisneros-Montemayor,SAU,1,Carangidae,,Pacific,NA,1950,2010,Year,Area,SAU eeZ 945 v1-43,"Unreported Marine Fisheries Catch in Mexico, 1950-2010",2013,http://www.seaaroundus.org/data/#/eez/945?chart=catch-chart&dimension=taxon&measure=tonnage&limit=65,NO,,,Juliano Palacios; jepa88@gmail.com,Academic,Academic,Fisheries,Benefits,NA,NA,29,-116
Reconstructed Catch of Dosidicus gigas in Mexico (Pacific),Captura;  Reconstruida;  Pacifico;  Industrial;  Subsistencia; Artesanal; Deportiva;  Dosidicus gigas,Andres Cisneros-Montemayor,SAU,1,Dosidicus gigas,,Pacific,NA,1962,2010,Year,Area,SAU eeZ 945 v1-43,"Unreported Marine Fisheries Catch in Mexico, 1950-2010",2013,http://www.seaaroundus.org/data/#/eez/945?chart=catch-chart&dimension=taxon&measure=tonnage&limit=66,NO,,,Juliano Palacios; jepa88@gmail.com,Academic,Academic,Fisheries,Benefits,NA,NA,15,-117
Reconstructed Catch of Paralichthyidae in Mexico (Pacific),Captura;  Reconstruida;  Pacifico;  Industrial;  Subsistencia; Artesanal; Deportiva;  Paralichthyidae,Andres Cisneros-Montemayor,SAU,1,Paralichthyidae,,Pacific,NA,1950,2010,Year,Area,SAU eeZ 945 v1-43,"Unreported Marine Fisheries Catch in Mexico, 1950-2010",2013,http://www.seaaroundus.org/data/#/eez/945?chart=catch-chart&dimension=taxon&measure=tonnage&limit=67,NO,,,Juliano Palacios; jepa88@gmail.com,Academic,Academic,Fisheries,Benefits,NA,NA,17,-110
Reconstructed Catch of Synodontidae in Mexico (Pacific),Captura;  Reconstruida;  Pacifico;  Industrial;  Subsistencia; Artesanal; Deportiva;  Synodontidae,Andres Cisneros-Montemayor,SAU,1,Synodontidae,,Pacific,NA,1950,2010,Year,Area,SAU eeZ 945 v1-43,"Unreported Marine Fisheries Catch in Mexico, 1950-2010",2013,http://www.seaaroundus.org/data/#/eez/945?chart=catch-chart&dimension=taxon&measure=tonnage&limit=68,NO,,,Juliano Palacios; jepa88@gmail.com,Academic,Academic,Fisheries,Benefits,NA,NA,27,-114
Reconstructed Catch of Malacostraca in Mexico (Pacific),Captura;  Reconstruida;  Pacifico;  Industrial;  Subsistencia; Artesanal; Deportiva;  Malacostraca,Andres Cisneros-Montemayor,SAU,1,Malacostraca,,Pacific,NA,1950,2010,Year,Area,SAU eeZ 945 v1-43,"Unreported Marine Fisheries Catch in Mexico, 1950-2010",2013,http://www.seaaroundus.org/data/#/eez/945?chart=catch-chart&dimension=taxon&measure=tonnage&limit=69,NO,,,Juliano Palacios; jepa88@gmail.com,Academic,Academic,Fisheries,Benefits,NA,NA,29,-117
Reconstructed Catch of Scombridae in Mexico (Pacific),Captura;  Reconstruida;  Pacifico;  Industrial;  Subsistencia; Artesanal; Deportiva;  Scombridae,Andres Cisneros-Montemayor,SAU,1,Scombridae,,Pacific,NA,1950,2010,Year,Area,SAU eeZ 945 v1-43,"Unreported Marine Fisheries Catch in Mexico, 1950-2010",2013,http://www.seaaroundus.org/data/#/eez/945?chart=catch-chart&dimension=taxon&measure=tonnage&limit=70,NO,,,Juliano Palacios; jepa88@gmail.com,Academic,Academic,Fisheries,Benefits,NA,NA,28,-112
Reconstructed Catch of Marine fishes not identified in Mexico (Pacific),Captura;  Reconstruida;  Pacifico;  Industrial;  Subsistencia; Artesanal; Deportiva;  Marine fishes not identified,Andres Cisneros-Montemayor,SAU,1,Marine fishes not identified,,Pacific,NA,1950,2010,Year,Area,SAU eeZ 945 v1-43,"Unreported Marine Fisheries Catch in Mexico, 1950-2010",2013,http://www.seaaroundus.org/data/#/eez/945?chart=catch-chart&dimension=taxon&measure=tonnage&limit=71,NO,,,Juliano Palacios; jepa88@gmail.com,Academic,Academic,Fisheries,Benefits,NA,NA,28,-117
Reconstructed Catch of Porichthys in Mexico (Pacific),Captura;  Reconstruida;  Pacifico;  Industrial;  Subsistencia; Artesanal; Deportiva;  Porichthys,Andres Cisneros-Montemayor,SAU,1,Porichthys,,Pacific,NA,1950,2010,Year,Area,SAU eeZ 945 v1-43,"Unreported Marine Fisheries Catch in Mexico, 1950-2010",2013,http://www.seaaroundus.org/data/#/eez/945?chart=catch-chart&dimension=taxon&measure=tonnage&limit=72,NO,,,Juliano Palacios; jepa88@gmail.com,Academic,Academic,Fisheries,Benefits,NA,NA,15,-113
Reconstructed Catch of Chanos chanos in Mexico (Pacific),Captura;  Reconstruida;  Pacifico;  Industrial;  Subsistencia; Artesanal; Deportiva;  Chanos chanos,Andres Cisneros-Montemayor,SAU,1,Chanos chanos,,Pacific,NA,1954,2010,Year,Area,SAU eeZ 945 v1-43,"Unreported Marine Fisheries Catch in Mexico, 1950-2010",2013,http://www.seaaroundus.org/data/#/eez/945?chart=catch-chart&dimension=taxon&measure=tonnage&limit=73,NO,,,Juliano Palacios; jepa88@gmail.com,Academic,Academic,Fisheries,Benefits,NA,NA,25,-113
Reconstructed Catch of Eucinostomus in Mexico (Pacific),Captura;  Reconstruida;  Pacifico;  Industrial;  Subsistencia; Artesanal; Deportiva;  Eucinostomus,Andres Cisneros-Montemayor,SAU,1,Eucinostomus,,Pacific,NA,1950,2010,Year,Area,SAU eeZ 945 v1-43,"Unreported Marine Fisheries Catch in Mexico, 1950-2010",2013,http://www.seaaroundus.org/data/#/eez/945?chart=catch-chart&dimension=taxon&measure=tonnage&limit=74,NO,,,Juliano Palacios; jepa88@gmail.com,Academic,Academic,Fisheries,Benefits,NA,NA,16,-115
Reconstructed Catch of Gerreidae in Mexico (Pacific),Captura;  Reconstruida;  Pacifico;  Industrial;  Subsistencia; Artesanal; Deportiva;  Gerreidae,Andres Cisneros-Montemayor,SAU,1,Gerreidae,,Pacific,NA,1954,2010,Year,Area,SAU eeZ 945 v1-43,"Unreported Marine Fisheries Catch in Mexico, 1950-2010",2013,http://www.seaaroundus.org/data/#/eez/945?chart=catch-chart&dimension=taxon&measure=tonnage&limit=75,NO,,,Juliano Palacios; jepa88@gmail.com,Academic,Academic,Fisheries,Benefits,NA,NA,25,-113
Reconstructed Catch of Mugilidae in Mexico (Pacific),Captura;  Reconstruida;  Pacifico;  Industrial;  Subsistencia; Artesanal; Deportiva;  Mugilidae,Andres Cisneros-Montemayor,SAU,1,Mugilidae,,Pacific,NA,1950,2010,Year,Area,SAU eeZ 945 v1-43,"Unreported Marine Fisheries Catch in Mexico, 1950-2010",2013,http://www.seaaroundus.org/data/#/eez/945?chart=catch-chart&dimension=taxon&measure=tonnage&limit=76,NO,,,Juliano Palacios; jepa88@gmail.com,Academic,Academic,Fisheries,Benefits,NA,NA,23,-112
Reconstructed Catch of Merluccius productus in Mexico (Pacific),Captura;  Reconstruida;  Pacifico;  Industrial;  Subsistencia; Artesanal; Deportiva;  Merluccius productus,Andres Cisneros-Montemayor,SAU,1,Merluccius productus,,Pacific,NA,1972,2010,Year,Area,SAU eeZ 945 v1-43,"Unreported Marine Fisheries Catch in Mexico, 1950-2010",2013,http://www.seaaroundus.org/data/#/eez/945?chart=catch-chart&dimension=taxon&measure=tonnage&limit=77,NO,,,Juliano Palacios; jepa88@gmail.com,Academic,Academic,Fisheries,Benefits,NA,NA,25,-114
Reconstructed Catch of Caulolatilus princeps in Mexico (Pacific),Captura;  Reconstruida;  Pacifico;  Industrial;  Subsistencia; Artesanal; Deportiva;  Caulolatilus princeps,Andres Cisneros-Montemayor,SAU,1,Caulolatilus princeps,,Pacific,NA,1950,2010,Year,Area,SAU eeZ 945 v1-43,"Unreported Marine Fisheries Catch in Mexico, 1950-2010",2013,http://www.seaaroundus.org/data/#/eez/945?chart=catch-chart&dimension=taxon&measure=tonnage&limit=78,NO,,,Juliano Palacios; jepa88@gmail.com,Academic,Academic,Fisheries,Benefits,NA,NA,24,-118
Reconstructed Catch of Cetengraulis mysticetus in Mexico (Pacific),Captura;  Reconstruida;  Pacifico;  Industrial;  Subsistencia; Artesanal; Deportiva;  Cetengraulis mysticetus,Andres Cisneros-Montemayor,SAU,1,Cetengraulis mysticetus,,Pacific,NA,2005,2010,Year,Area,SAU eeZ 945 v1-43,"Unreported Marine Fisheries Catch in Mexico, 1950-2010",2013,http://www.seaaroundus.org/data/#/eez/945?chart=catch-chart&dimension=taxon&measure=tonnage&limit=79,NO,,,Juliano Palacios; jepa88@gmail.com,Academic,Academic,Fisheries,Benefits,NA,NA,20,-112
Reconstructed Catch of Thunnus orientalis in Mexico (Pacific),Captura;  Reconstruida;  Pacifico;  Industrial;  Subsistencia; Artesanal; Deportiva;  Thunnus orientalis,Andres Cisneros-Montemayor,SAU,1,Thunnus orientalis,,Pacific,NA,1952,2010,Year,Area,SAU eeZ 945 v1-43,"Unreported Marine Fisheries Catch in Mexico, 1950-2010",2013,http://www.seaaroundus.org/data/#/eez/945?chart=catch-chart&dimension=taxon&measure=tonnage&limit=80,NO,,,Juliano Palacios; jepa88@gmail.com,Academic,Academic,Fisheries,Benefits,NA,NA,29,-111
Reconstructed Catch of Trachurus symmetricus in Mexico (Pacific),Captura;  Reconstruida;  Pacifico;  Industrial;  Subsistencia; Artesanal; Deportiva;  Trachurus symmetricus,Andres Cisneros-Montemayor,SAU,1,Trachurus symmetricus,,Pacific,NA,2005,2010,Year,Area,SAU eeZ 945 v1-43,"Unreported Marine Fisheries Catch in Mexico, 1950-2010",2013,http://www.seaaroundus.org/data/#/eez/945?chart=catch-chart&dimension=taxon&measure=tonnage&limit=81,NO,,,Juliano Palacios; jepa88@gmail.com,Academic,Academic,Fisheries,Benefits,NA,NA,20,-119
Reconstructed Catch of Cancer productus in Mexico (Pacific),Captura;  Reconstruida;  Pacifico;  Industrial;  Subsistencia; Artesanal; Deportiva;  Cancer productus,Andres Cisneros-Montemayor,SAU,1,Cancer productus,,Pacific,NA,1973,2010,Year,Area,SAU eeZ 945 v1-43,"Unreported Marine Fisheries Catch in Mexico, 1950-2010",2013,http://www.seaaroundus.org/data/#/eez/945?chart=catch-chart&dimension=taxon&measure=tonnage&limit=82,NO,,,Juliano Palacios; jepa88@gmail.com,Academic,Academic,Fisheries,Benefits,NA,NA,24,-120
Reconstructed Catch of Sardinops sagax in Mexico (Pacific),Captura;  Reconstruida;  Pacifico;  Industrial;  Subsistencia; Artesanal; Deportiva;  Sardinops sagax,Andres Cisneros-Montemayor,SAU,1,Sardinops sagax,,Pacific,NA,1950,2010,Year,Area,SAU eeZ 945 v1-43,"Unreported Marine Fisheries Catch in Mexico, 1950-2010",2013,http://www.seaaroundus.org/data/#/eez/945?chart=catch-chart&dimension=taxon&measure=tonnage&limit=83,YES,,,Juliano Palacios; jepa88@gmail.com,Academic,Academic,Fisheries,Benefits,NA,NA,24,-119
Reconstructed Catch of Opisthonema libertate in Mexico (Pacific),Captura;  Reconstruida;  Pacifico;  Industrial;  Subsistencia; Artesanal; Deportiva;  Opisthonema libertate,Andres Cisneros-Montemayor,SAU,1,Opisthonema libertate,,Pacific,NA,2005,2010,Year,Area,SAU eeZ 945 v1-43,"Unreported Marine Fisheries Catch in Mexico, 1950-2010",2013,http://www.seaaroundus.org/data/#/eez/945?chart=catch-chart&dimension=taxon&measure=tonnage&limit=84,NO,,,Juliano Palacios; jepa88@gmail.com,Academic,Academic,Fisheries,Benefits,NA,NA,16,-111
Reconstructed Catch of Marine pelagic fishes not identified in Mexico (Pacific),Captura;  Reconstruida;  Pacifico;  Industrial;  Subsistencia; Artesanal; Deportiva;  Marine pelagic fishes not identified,Andres Cisneros-Montemayor,SAU,1,Marine pelagic fishes not identified,,Pacific,NA,1959,2010,Year,Area,SAU eeZ 945 v1-43,"Unreported Marine Fisheries Catch in Mexico, 1950-2010",2013,http://www.seaaroundus.org/data/#/eez/945?chart=catch-chart&dimension=taxon&measure=tonnage&limit=85,NO,,,Juliano Palacios; jepa88@gmail.com,Academic,Academic,Fisheries,Benefits,NA,NA,28,-118
Reconstructed Catch of Perciformes in Mexico (Pacific),Captura;  Reconstruida;  Pacifico;  Industrial;  Subsistencia; Artesanal; Deportiva;  Perciformes,Andres Cisneros-Montemayor,SAU,1,Perciformes,,Pacific,NA,1968,1975,Year,Area,SAU eeZ 945 v1-43,"Unreported Marine Fisheries Catch in Mexico, 1950-2010",2013,http://www.seaaroundus.org/data/#/eez/945?chart=catch-chart&dimension=taxon&measure=tonnage&limit=86,NO,,,Juliano Palacios; jepa88@gmail.com,Academic,Academic,Fisheries,Benefits,NA,NA,25,-115
Reconstructed Catch of Dasyatis in Mexico (Pacific),Captura;  Reconstruida;  Pacifico;  Industrial;  Subsistencia; Artesanal; Deportiva;  Dasyatis,Andres Cisneros-Montemayor,SAU,1,Dasyatis,,Pacific,NA,1965,2010,Year,Area,SAU eeZ 945 v1-43,"Unreported Marine Fisheries Catch in Mexico, 1950-2010",2013,http://www.seaaroundus.org/data/#/eez/945?chart=catch-chart&dimension=taxon&measure=tonnage&limit=87,NO,,,Juliano Palacios; jepa88@gmail.com,Academic,Academic,Fisheries,Benefits,NA,NA,29,-114
Reconstructed Catch of Paralabrax in Mexico (Pacific),Captura;  Reconstruida;  Pacifico;  Industrial;  Subsistencia; Artesanal; Deportiva;  Paralabrax,Andres Cisneros-Montemayor,SAU,1,Paralabrax,,Pacific,NA,1950,2010,Year,Area,SAU eeZ 945 v1-43,"Unreported Marine Fisheries Catch in Mexico, 1950-2010",2013,http://www.seaaroundus.org/data/#/eez/945?chart=catch-chart&dimension=taxon&measure=tonnage&limit=88,NO,,,Juliano Palacios; jepa88@gmail.com,Academic,Academic,Fisheries,Benefits,NA,NA,21,-116
Reconstructed Catch of Prionotus in Mexico (Pacific),Captura;  Reconstruida;  Pacifico;  Industrial;  Subsistencia; Artesanal; Deportiva;  Prionotus,Andres Cisneros-Montemayor,SAU,1,Prionotus,,Pacific,NA,1950,2010,Year,Area,SAU eeZ 945 v1-43,"Unreported Marine Fisheries Catch in Mexico, 1950-2010",2013,http://www.seaaroundus.org/data/#/eez/945?chart=catch-chart&dimension=taxon&measure=tonnage&limit=89,NO,,,Juliano Palacios; jepa88@gmail.com,Academic,Academic,Fisheries,Benefits,NA,NA,15,-116
Reconstructed Catch of Mycteroperca in Mexico (Pacific),Captura;  Reconstruida;  Pacifico;  Industrial;  Subsistencia; Artesanal; Deportiva;  Mycteroperca,Andres Cisneros-Montemayor,SAU,1,Mycteroperca,,Pacific,NA,1950,2010,Year,Area,SAU eeZ 945 v1-43,"Unreported Marine Fisheries Catch in Mexico, 1950-2010",2013,http://www.seaaroundus.org/data/#/eez/945?chart=catch-chart&dimension=taxon&measure=tonnage&limit=90,NO,,,Juliano Palacios; jepa88@gmail.com,Academic,Academic,Fisheries,Benefits,NA,NA,27,-119
Reconstructed Catch of Holothuroidea in Mexico (Pacific),Captura;  Reconstruida;  Pacifico;  Industrial;  Subsistencia; Artesanal; Deportiva;  Holothuroidea,Andres Cisneros-Montemayor,SAU,1,Holothuroidea,,Pacific,NA,1998,2010,Year,Area,SAU eeZ 945 v1-43,"Unreported Marine Fisheries Catch in Mexico, 1950-2010",2013,http://www.seaaroundus.org/data/#/eez/945?chart=catch-chart&dimension=taxon&measure=tonnage&limit=91,NO,,,Juliano Palacios; jepa88@gmail.com,Academic,Academic,Fisheries,Benefits,NA,NA,24,-117
Reconstructed Catch of Gastropoda in Mexico (Pacific),Captura;  Reconstruida;  Pacifico;  Industrial;  Subsistencia; Artesanal; Deportiva;  Gastropoda,Andres Cisneros-Montemayor,SAU,1,Gastropoda,,Pacific,NA,1950,2010,Year,Area,SAU eeZ 945 v1-43,"Unreported Marine Fisheries Catch in Mexico, 1950-2010",2013,http://www.seaaroundus.org/data/#/eez/945?chart=catch-chart&dimension=taxon&measure=tonnage&limit=92,NO,,,Juliano Palacios; jepa88@gmail.com,Academic,Academic,Fisheries,Benefits,NA,NA,29,-111
Reconstructed Catch of Epinephelus in Mexico (Pacific),Captura;  Reconstruida;  Pacifico;  Industrial;  Subsistencia; Artesanal; Deportiva;  Epinephelus,Andres Cisneros-Montemayor,SAU,1,Epinephelus,,Pacific,NA,1950,2010,Year,Area,SAU eeZ 945 v1-43,"Unreported Marine Fisheries Catch in Mexico, 1950-2010",2013,http://www.seaaroundus.org/data/#/eez/945?chart=catch-chart&dimension=taxon&measure=tonnage&limit=93,NO,,,Juliano Palacios; jepa88@gmail.com,Academic,Academic,Fisheries,Benefits,NA,NA,28,-117
Reconstructed Catch of Chondrichtyes in Mexico (Pacific),Captura;  Reconstruida;  Pacifico;  Industrial;  Subsistencia; Artesanal; Deportiva;  Chondrichtyes,Andres Cisneros-Montemayor,SAU,1,Chondrichtyes,,Pacific,NA,1968,1975,Year,Area,SAU eeZ 945 v1-43,"Unreported Marine Fisheries Catch in Mexico, 1950-2010",2013,http://www.seaaroundus.org/data/#/eez/945?chart=catch-chart&dimension=taxon&measure=tonnage&limit=94,NO,,,Juliano Palacios; jepa88@gmail.com,Academic,Academic,Fisheries,Benefits,NA,NA,18,-110
Reconstructed Catch of Elasmobranchii in Mexico (Pacific),Captura;  Reconstruida;  Pacifico;  Industrial;  Subsistencia; Artesanal; Deportiva;  Elasmobranchii,Andres Cisneros-Montemayor,SAU,1,Elasmobranchii,,Pacific,NA,1950,2010,Year,Area,SAU eeZ 945 v1-43,"Unreported Marine Fisheries Catch in Mexico, 1950-2010",2013,http://www.seaaroundus.org/data/#/eez/945?chart=catch-chart&dimension=taxon&measure=tonnage&limit=95,NO,,,Juliano Palacios; jepa88@gmail.com,Academic,Academic,Fisheries,Benefits,NA,NA,22,-119
Reconstructed Catch of Carcharhinus in Mexico (Pacific),Captura;  Reconstruida;  Pacifico;  Industrial;  Subsistencia; Artesanal; Deportiva;  Carcharhinus,Andres Cisneros-Montemayor,SAU,1,Carcharhinus,,Pacific,NA,1950,2010,Year,Area,SAU eeZ 945 v1-43,"Unreported Marine Fisheries Catch in Mexico, 1950-2010",2013,http://www.seaaroundus.org/data/#/eez/945?chart=catch-chart&dimension=taxon&measure=tonnage&limit=96,NO,,,Juliano Palacios; jepa88@gmail.com,Academic,Academic,Fisheries,Benefits,NA,NA,22,-117
Reconstructed Catch of Tetrapturus angustirostris in Mexico (Pacific),Captura;  Reconstruida;  Pacifico;  Industrial;  Subsistencia; Artesanal; Deportiva;  Tetrapturus angustirostris,Andres Cisneros-Montemayor,SAU,1,Tetrapturus angustirostris,,Pacific,NA,1988,2010,Year,Area,SAU eeZ 945 v1-43,"Unreported Marine Fisheries Catch in Mexico, 1950-2010",2013,http://www.seaaroundus.org/data/#/eez/945?chart=catch-chart&dimension=taxon&measure=tonnage&limit=97,NO,,,Juliano Palacios; jepa88@gmail.com,Academic,Academic,Fisheries,Benefits,NA,NA,20,-113
Reconstructed Catch of Isurus oxyrinchus in Mexico (Pacific),Captura;  Reconstruida;  Pacifico;  Industrial;  Subsistencia; Artesanal; Deportiva;  Isurus oxyrinchus,Andres Cisneros-Montemayor,SAU,1,Isurus oxyrinchus,,Pacific,NA,1982,2010,Year,Area,SAU eeZ 945 v1-43,"Unreported Marine Fisheries Catch in Mexico, 1950-2010",2013,http://www.seaaroundus.org/data/#/eez/945?chart=catch-chart&dimension=taxon&measure=tonnage&limit=98,NO,,,Juliano Palacios; jepa88@gmail.com,Academic,Academic,Fisheries,Benefits,NA,NA,24,-114
Reconstructed Catch of Strongylocentrotus in Mexico (Pacific),Captura;  Reconstruida;  Pacifico;  Industrial;  Subsistencia; Artesanal; Deportiva;  Strongylocentrotus,Andres Cisneros-Montemayor,SAU,1,Strongylocentrotus,,Pacific,NA,1972,2010,Year,Area,SAU eeZ 945 v1-43,"Unreported Marine Fisheries Catch in Mexico, 1950-2010",2013,http://www.seaaroundus.org/data/#/eez/945?chart=catch-chart&dimension=taxon&measure=tonnage&limit=99,NO,,,Juliano Palacios; jepa88@gmail.com,Academic,Academic,Fisheries,Benefits,NA,NA,16,-114
Reconstructed Catch of Carcharhinus falciformis in Mexico (Pacific),Captura;  Reconstruida;  Pacifico;  Industrial;  Subsistencia; Artesanal; Deportiva;  Carcharhinus falciformis,Andres Cisneros-Montemayor,SAU,1,Carcharhinus falciformis,,Pacific,NA,1950,2010,Year,Area,SAU eeZ 945 v1-43,"Unreported Marine Fisheries Catch in Mexico, 1950-2010",2013,http://www.seaaroundus.org/data/#/eez/945?chart=catch-chart&dimension=taxon&measure=tonnage&limit=100,NO,,,Juliano Palacios; jepa88@gmail.com,Academic,Academic,Fisheries,Benefits,NA,NA,27,-110
Reconstructed Catch of Katsuwonus pelamis in Mexico (Pacific),Captura;  Reconstruida;  Pacifico;  Industrial;  Subsistencia; Artesanal; Deportiva;  Katsuwonus pelamis,Andres Cisneros-Montemayor,SAU,1,Katsuwonus pelamis,,Pacific,NA,1950,2010,Year,Area,SAU eeZ 945 v1-43,"Unreported Marine Fisheries Catch in Mexico, 1950-2010",2013,http://www.seaaroundus.org/data/#/eez/945?chart=catch-chart&dimension=taxon&measure=tonnage&limit=101,NO,,,Juliano Palacios; jepa88@gmail.com,Academic,Academic,Fisheries,Benefits,NA,NA,25,-115
Reconstructed Catch of Lutjanidae in Mexico (Pacific),Captura;  Reconstruida;  Pacifico;  Industrial;  Subsistencia; Artesanal; Deportiva;  Lutjanidae,Andres Cisneros-Montemayor,SAU,1,Lutjanidae,,Pacific,NA,1950,2010,Year,Area,SAU eeZ 945 v1-43,"Unreported Marine Fisheries Catch in Mexico, 1950-2010",2013,http://www.seaaroundus.org/data/#/eez/945?chart=catch-chart&dimension=taxon&measure=tonnage&limit=102,NO,,,Juliano Palacios; jepa88@gmail.com,Academic,Academic,Fisheries,Benefits,NA,NA,26,-117
Reconstructed Catch of Achirus in Mexico (Pacific),Captura;  Reconstruida;  Pacifico;  Industrial;  Subsistencia; Artesanal; Deportiva;  Achirus,Andres Cisneros-Montemayor,SAU,1,Achirus,,Pacific,NA,1950,2010,Year,Area,SAU eeZ 945 v1-43,"Unreported Marine Fisheries Catch in Mexico, 1950-2010",2013,http://www.seaaroundus.org/data/#/eez/945?chart=catch-chart&dimension=taxon&measure=tonnage&limit=103,NO,,,Juliano Palacios; jepa88@gmail.com,Academic,Academic,Fisheries,Benefits,NA,NA,28,-111
Reconstructed Catch of Scomberomorus in Mexico (Pacific),Captura;  Reconstruida;  Pacifico;  Industrial;  Subsistencia; Artesanal; Deportiva;  Scomberomorus,Andres Cisneros-Montemayor,SAU,1,Scomberomorus,,Pacific,NA,1950,2010,Year,Area,SAU eeZ 945 v1-43,"Unreported Marine Fisheries Catch in Mexico, 1950-2010",2013,http://www.seaaroundus.org/data/#/eez/945?chart=catch-chart&dimension=taxon&measure=tonnage&limit=104,NO,,,Juliano Palacios; jepa88@gmail.com,Academic,Academic,Fisheries,Benefits,NA,NA,17,-114
Reconstructed Catch of Panulirus in Mexico (Pacific),Captura;  Reconstruida;  Pacifico;  Industrial;  Subsistencia; Artesanal; Deportiva;  Panulirus,Andres Cisneros-Montemayor,SAU,1,Panulirus,,Pacific,NA,1950,2010,Year,Area,SAU eeZ 945 v1-43,"Unreported Marine Fisheries Catch in Mexico, 1950-2010",2013,http://www.seaaroundus.org/data/#/eez/945?chart=catch-chart&dimension=taxon&measure=tonnage&limit=105,NO,,,Juliano Palacios; jepa88@gmail.com,Academic,Academic,Fisheries,Benefits,NA,NA,23,-111
Reconstructed Catch of Epinephelus analogus in Mexico (Pacific),Captura;  Reconstruida;  Pacifico;  Industrial;  Subsistencia; Artesanal; Deportiva;  Epinephelus analogus,Andres Cisneros-Montemayor,SAU,1,Epinephelus analogus,,Pacific,NA,1950,2010,Year,Area,SAU eeZ 945 v1-43,"Unreported Marine Fisheries Catch in Mexico, 1950-2010",2013,http://www.seaaroundus.org/data/#/eez/945?chart=catch-chart&dimension=taxon&measure=tonnage&limit=106,NO,,,Juliano Palacios; jepa88@gmail.com,Academic,Academic,Fisheries,Benefits,NA,NA,25,-114
Reconstructed Catch of Lutjanus guttatus in Mexico (Pacific),Captura;  Reconstruida;  Pacifico;  Industrial;  Subsistencia; Artesanal; Deportiva;  Lutjanus guttatus,Andres Cisneros-Montemayor,SAU,1,Lutjanus guttatus,,Pacific,NA,2005,2010,Year,Area,SAU eeZ 945 v1-43,"Unreported Marine Fisheries Catch in Mexico, 1950-2010",2013,http://www.seaaroundus.org/data/#/eez/945?chart=catch-chart&dimension=taxon&measure=tonnage&limit=107,NO,,,Juliano Palacios; jepa88@gmail.com,Academic,Academic,Fisheries,Benefits,NA,NA,15,-112
Reconstructed Catch of Squillidae in Mexico (Pacific),Captura;  Reconstruida;  Pacifico;  Industrial;  Subsistencia; Artesanal; Deportiva;  Squillidae,Andres Cisneros-Montemayor,SAU,1,Squillidae,,Pacific,NA,1950,2010,Year,Area,SAU eeZ 945 v1-43,"Unreported Marine Fisheries Catch in Mexico, 1950-2010",2013,http://www.seaaroundus.org/data/#/eez/945?chart=catch-chart&dimension=taxon&measure=tonnage&limit=108,NO,,,Juliano Palacios; jepa88@gmail.com,Academic,Academic,Fisheries,Benefits,NA,NA,16,-120
Reconstructed Catch of Sarda orientalis in Mexico (Pacific),Captura;  Reconstruida;  Pacifico;  Industrial;  Subsistencia; Artesanal; Deportiva;  Sarda orientalis,Andres Cisneros-Montemayor,SAU,1,Sarda orientalis,,Pacific,NA,1974,1974,Year,Area,SAU eeZ 945 v1-43,"Unreported Marine Fisheries Catch in Mexico, 1950-2010",2013,http://www.seaaroundus.org/data/#/eez/945?chart=catch-chart&dimension=taxon&measure=tonnage&limit=109,NO,,,Juliano Palacios; jepa88@gmail.com,Academic,Academic,Fisheries,Benefits,NA,NA,23,-112
Reconstructed Catch of Kajikia audax in Mexico (Pacific),Captura;  Reconstruida;  Pacifico;  Industrial;  Subsistencia; Artesanal; Deportiva;  Kajikia audax,Andres Cisneros-Montemayor,SAU,1,Kajikia audax,,Pacific,NA,1950,2010,Year,Area,SAU eeZ 945 v1-43,"Unreported Marine Fisheries Catch in Mexico, 1950-2010",2013,http://www.seaaroundus.org/data/#/eez/945?chart=catch-chart&dimension=taxon&measure=tonnage&limit=110,NO,,,Juliano Palacios; jepa88@gmail.com,Academic,Academic,Fisheries,Benefits,NA,NA,25,-115
Reconstructed Catch of Portunus in Mexico (Pacific),Captura;  Reconstruida;  Pacifico;  Industrial;  Subsistencia; Artesanal; Deportiva;  Portunus,Andres Cisneros-Montemayor,SAU,1,Portunus,,Pacific,NA,1950,2010,Year,Area,SAU eeZ 945 v1-43,"Unreported Marine Fisheries Catch in Mexico, 1950-2010",2013,http://www.seaaroundus.org/data/#/eez/945?chart=catch-chart&dimension=taxon&measure=tonnage&limit=111,NO,,,Juliano Palacios; jepa88@gmail.com,Academic,Academic,Fisheries,Benefits,NA,NA,30,-111
Reconstructed Catch of Portunidae in Mexico (Pacific),Captura;  Reconstruida;  Pacifico;  Industrial;  Subsistencia; Artesanal; Deportiva;  Portunidae,Andres Cisneros-Montemayor,SAU,1,Portunidae,,Pacific,NA,1950,2010,Year,Area,SAU eeZ 945 v1-43,"Unreported Marine Fisheries Catch in Mexico, 1950-2010",2013,http://www.seaaroundus.org/data/#/eez/945?chart=catch-chart&dimension=taxon&measure=tonnage&limit=112,NO,,,Juliano Palacios; jepa88@gmail.com,Academic,Academic,Fisheries,Benefits,NA,NA,20,-120
Reconstructed Catch of Xiphias gladius in Mexico (Pacific),Captura;  Reconstruida;  Pacifico;  Industrial;  Subsistencia; Artesanal; Deportiva;  Xiphias gladius,Andres Cisneros-Montemayor,SAU,1,Xiphias gladius,,Pacific,NA,1950,2010,Year,Area,SAU eeZ 945 v1-43,"Unreported Marine Fisheries Catch in Mexico, 1950-2010",2013,http://www.seaaroundus.org/data/#/eez/945?chart=catch-chart&dimension=taxon&measure=tonnage&limit=113,NO,,,Juliano Palacios; jepa88@gmail.com,Academic,Academic,Fisheries,Benefits,NA,NA,29,-112
Reconstructed Catch of Malacanthidae in Mexico (Pacific),Captura;  Reconstruida;  Pacifico;  Industrial;  Subsistencia; Artesanal; Deportiva;  Malacanthidae,Andres Cisneros-Montemayor,SAU,1,Malacanthidae,,Pacific,NA,1950,2010,Year,Area,SAU eeZ 945 v1-43,"Unreported Marine Fisheries Catch in Mexico, 1950-2010",2013,http://www.seaaroundus.org/data/#/eez/945?chart=catch-chart&dimension=taxon&measure=tonnage&limit=114,NO,,,Juliano Palacios; jepa88@gmail.com,Academic,Academic,Fisheries,Benefits,NA,NA,28,-118
Reconstructed Catch of Totoaba macdonaldi in Mexico (Pacific),Captura;  Reconstruida;  Pacifico;  Industrial;  Subsistencia; Artesanal; Deportiva;  Totoaba macdonaldi,Andres Cisneros-Montemayor,SAU,1,Totoaba macdonaldi,,Pacific,NA,1950,2010,Year,Area,SAU eeZ 945 v1-43,"Unreported Marine Fisheries Catch in Mexico, 1950-2010",2013,http://www.seaaroundus.org/data/#/eez/945?chart=catch-chart&dimension=taxon&measure=tonnage&limit=115,NO,,,Juliano Palacios; jepa88@gmail.com,Academic,Academic,Fisheries,Benefits,NA,NA,28,-113
Reconstructed Catch of Scombroidea in Mexico (Pacific),Captura;  Reconstruida;  Pacifico;  Industrial;  Subsistencia; Artesanal; Deportiva;  Scombroidea,Andres Cisneros-Montemayor,SAU,1,Scombroidea,,Pacific,NA,1970,1975,Year,Area,SAU eeZ 945 v1-43,"Unreported Marine Fisheries Catch in Mexico, 1950-2010",2013,http://www.seaaroundus.org/data/#/eez/945?chart=catch-chart&dimension=taxon&measure=tonnage&limit=116,NO,,,Juliano Palacios; jepa88@gmail.com,Academic,Academic,Fisheries,Benefits,NA,NA,28,-117
Reconstructed Catch of Veneridae in Mexico (Pacific),Captura;  Reconstruida;  Pacifico;  Industrial;  Subsistencia; Artesanal; Deportiva;  Veneridae,Andres Cisneros-Montemayor,SAU,1,Veneridae,,Pacific,NA,1950,2010,Year,Area,SAU eeZ 945 v1-43,"Unreported Marine Fisheries Catch in Mexico, 1950-2010",2013,http://www.seaaroundus.org/data/#/eez/945?chart=catch-chart&dimension=taxon&measure=tonnage&limit=117,NO,,,Juliano Palacios; jepa88@gmail.com,Academic,Academic,Fisheries,Benefits,NA,NA,20,-120
Reconstructed Catch of Cynoscion in Mexico (Pacific),Captura;  Reconstruida;  Pacifico;  Industrial;  Subsistencia; Artesanal; Deportiva;  Cynoscion,Andres Cisneros-Montemayor,SAU,1,Cynoscion,,Pacific,NA,1962,2010,Year,Area,SAU eeZ 945 v1-43,"Unreported Marine Fisheries Catch in Mexico, 1950-2010",2013,http://www.seaaroundus.org/data/#/eez/945?chart=catch-chart&dimension=taxon&measure=tonnage&limit=118,NO,,,Juliano Palacios; jepa88@gmail.com,Academic,Academic,Fisheries,Benefits,NA,NA,22,-116
Reconstructed Catch of Litopenaeus vannamei in Mexico (Pacific),Captura;  Reconstruida;  Pacifico;  Industrial;  Subsistencia; Artesanal; Deportiva;  Litopenaeus vannamei,Andres Cisneros-Montemayor,SAU,1,Litopenaeus vannamei,,Pacific,NA,1950,2010,Year,Area,SAU eeZ 945 v1-43,"Unreported Marine Fisheries Catch in Mexico, 1950-2010",2013,http://www.seaaroundus.org/data/#/eez/945?chart=catch-chart&dimension=taxon&measure=tonnage&limit=119,NO,,,Juliano Palacios; jepa88@gmail.com,Academic,Academic,Fisheries,Benefits,NA,NA,16,-116
Reconstructed Catch of Lutjanus argentiventris in Mexico (Pacific),Captura;  Reconstruida;  Pacifico;  Industrial;  Subsistencia; Artesanal; Deportiva;  Lutjanus argentiventris,Andres Cisneros-Montemayor,SAU,1,Lutjanus argentiventris,,Pacific,NA,1950,2010,Year,Area,SAU eeZ 945 v1-43,"Unreported Marine Fisheries Catch in Mexico, 1950-2010",2013,http://www.seaaroundus.org/data/#/eez/945?chart=catch-chart&dimension=taxon&measure=tonnage&limit=120,NO,,,Juliano Palacios; jepa88@gmail.com,Academic,Academic,Fisheries,Benefits,NA,NA,18,-113
Reconstructed Catch of Thunnus albacares in Mexico (Pacific),Captura;  Reconstruida;  Pacifico;  Industrial;  Subsistencia; Artesanal; Deportiva;  Thunnus albacares,Andres Cisneros-Montemayor,SAU,1,Thunnus albacares,,Pacific,NA,1950,2010,Year,Area,SAU eeZ 945 v1-43,"Unreported Marine Fisheries Catch in Mexico, 1950-2010",2013,http://www.seaaroundus.org/data/#/eez/945?chart=catch-chart&dimension=taxon&measure=tonnage&limit=121,NO,,,Juliano Palacios; jepa88@gmail.com,Academic,Academic,Fisheries,Benefits,NA,NA,29,-116
Reconstructed Catch of Farfantepenaeus californiensis in Mexico (Pacific),Captura;  Reconstruida;  Pacifico;  Industrial;  Subsistencia; Artesanal; Deportiva;  Farfantepenaeus californiensis,Andres Cisneros-Montemayor,SAU,1,Farfantepenaeus californiensis,,Pacific,NA,1950,2010,Year,Area,SAU eeZ 945 v1-43,"Unreported Marine Fisheries Catch in Mexico, 1950-2010",2013,http://www.seaaroundus.org/data/#/eez/945?chart=catch-chart&dimension=taxon&measure=tonnage&limit=122,NO,,,Juliano Palacios; jepa88@gmail.com,Academic,Academic,Fisheries,Benefits,NA,NA,17,-118
Reconstructed Catch of Seriola lalandi in Mexico (Pacific),Captura;  Reconstruida;  Pacifico;  Industrial;  Subsistencia; Artesanal; Deportiva;  Seriola lalandi,Andres Cisneros-Montemayor,SAU,1,Seriola lalandi,,Pacific,NA,1950,2010,Year,Area,SAU eeZ 945 v1-43,"Unreported Marine Fisheries Catch in Mexico, 1950-2010",2013,http://www.seaaroundus.org/data/#/eez/945?chart=catch-chart&dimension=taxon&measure=tonnage&limit=123,NO,,,Juliano Palacios; jepa88@gmail.com,Academic,Academic,Fisheries,Benefits,NA,NA,24,-115
National (State) Protected Areas of Mexico,reserva; biosfera; parque; monumento natural; recursos,CONANP,CONANP,1,MPA,,National,NA,2012,2016,Year,Georeference,"areas naturales Protegidas Federales de Mexico, Agosto 2012",Catalogo de metadatos geograficos,2012,http://www.conabio.gob.mx/informacion/gis/?vns=gis_root/region/biotic/anpe09gw,NO,,,Juliano Palacios; jepa88@gmail.com,GOV,GOV,Conservation,Response,NA,NA,NA,NA